gene	baseMean	log2FoldChange	lfcSE	stat	pvalue	padj
ENSG00000160191	76881.50201623447	3.06973550878289	0.15495853531979947	19.8100446835513	2.4386760701968386e-87	5.584568200750761e-85
ENSG00000154734	22847.26805614589	3.4401789195271903	0.17853234521075736	19.269219342108908	9.739405183084885e-83	1.1151618934632193e-80
ENSG00000154723	7339.2131138162695	2.580124585135928	0.16360244776496272	15.770696712573821	4.950070615347977e-56	3.7785539030489557e-54
ENSG00000180509	30210.99113144127	2.9415579143563626	0.1999109361624898	14.714342150673698	5.2150909862186195e-49	2.9856395896101595e-47
ENSG00000183145	9987.890642711407	2.889349238870334	0.24838635720878355	11.632479623032047	2.8179112143589586e-31	1.2906033361764028e-29
ENSG00000276289	11788.654003832307	2.8585409896115417	0.4639218019673252	6.161687115133411	7.197395658807912e-10	2.7470060097783528e-8
ENSG00000277277	724.3339465337184	0.9259347259489638	0.26416903687168986	3.5050842328607255	4.5646283968235645e-4	0.014932855755322804
